Method;Job;AnalyzeLaunchVariance;EvaluateOverhead;MaxAbsoluteError;MaxRelativeError;MinInvokeCount;MinIterationTime;OutlierMode;Affinity;EnvironmentVariables;Jit;Platform;Runtime;AllowVeryLargeObjects;Concurrent;CpuGroups;Force;HeapAffinitizeMask;HeapCount;NoAffinitize;RetainVm;Server;Arguments;BuildConfiguration;Clock;EngineFactory;Toolchain;IsMutator;InvocationCount;IterationCount;IterationTime;LaunchCount;MaxIterationCount;MaxWarmupIterationCount;MinIterationCount;MinWarmupIterationCount;RunStrategy;UnrollFactor;WarmupCount;Mean;Error;StdDev
DirectRange1;Default;False;Default;Default;Default;Default;Default;Default;111111111111;Empty;RyuJit;X64;Core;False;True;False;True;Default;Default;False;False;False;Default;Default;Default;Default;Default;Default;1;Default;Default;Default;Default;Default;Default;Default;Default;16;Default;97.80 ns;1.989 ns;3.324 ns
SplitLRange1;Default;False;Default;Default;Default;Default;Default;Default;111111111111;Empty;RyuJit;X64;Core;False;True;False;True;Default;Default;False;False;False;Default;Default;Default;Default;Default;Default;1;Default;Default;Default;Default;Default;Default;Default;Default;16;Default;300.77 ns;2.485 ns;2.324 ns
DirectRange2;Default;False;Default;Default;Default;Default;Default;Default;111111111111;Empty;RyuJit;X64;Core;False;True;False;True;Default;Default;False;False;False;Default;Default;Default;Default;Default;Default;1;Default;Default;Default;Default;Default;Default;Default;Default;16;Default;259.67 ns;5.080 ns;5.647 ns
SplitLRange2;Default;False;Default;Default;Default;Default;Default;Default;111111111111;Empty;RyuJit;X64;Core;False;True;False;True;Default;Default;False;False;False;Default;Default;Default;Default;Default;Default;1;Default;Default;Default;Default;Default;Default;Default;Default;16;Default;318.95 ns;3.825 ns;3.391 ns
DirectRange3;Default;False;Default;Default;Default;Default;Default;Default;111111111111;Empty;RyuJit;X64;Core;False;True;False;True;Default;Default;False;False;False;Default;Default;Default;Default;Default;Default;1;Default;Default;Default;Default;Default;Default;Default;Default;16;Default;398.28 ns;4.553 ns;4.036 ns
SplitLRange3;Default;False;Default;Default;Default;Default;Default;Default;111111111111;Empty;RyuJit;X64;Core;False;True;False;True;Default;Default;False;False;False;Default;Default;Default;Default;Default;Default;1;Default;Default;Default;Default;Default;Default;Default;Default;16;Default;338.50 ns;1.906 ns;1.782 ns
DirectRange4;Default;False;Default;Default;Default;Default;Default;Default;111111111111;Empty;RyuJit;X64;Core;False;True;False;True;Default;Default;False;False;False;Default;Default;Default;Default;Default;Default;1;Default;Default;Default;Default;Default;Default;Default;Default;16;Default;597.74 ns;2.186 ns;2.045 ns
SplitLRange4;Default;False;Default;Default;Default;Default;Default;Default;111111111111;Empty;RyuJit;X64;Core;False;True;False;True;Default;Default;False;False;False;Default;Default;Default;Default;Default;Default;1;Default;Default;Default;Default;Default;Default;Default;Default;16;Default;367.98 ns;2.770 ns;2.591 ns
DirectRange5;Default;False;Default;Default;Default;Default;Default;Default;111111111111;Empty;RyuJit;X64;Core;False;True;False;True;Default;Default;False;False;False;Default;Default;Default;Default;Default;Default;1;Default;Default;Default;Default;Default;Default;Default;Default;16;Default;866.25 ns;5.484 ns;4.579 ns
SplitLRange5;Default;False;Default;Default;Default;Default;Default;Default;111111111111;Empty;RyuJit;X64;Core;False;True;False;True;Default;Default;False;False;False;Default;Default;Default;Default;Default;Default;1;Default;Default;Default;Default;Default;Default;Default;Default;16;Default;380.89 ns;2.142 ns;2.003 ns
DirectRange6;Default;False;Default;Default;Default;Default;Default;Default;111111111111;Empty;RyuJit;X64;Core;False;True;False;True;Default;Default;False;False;False;Default;Default;Default;Default;Default;Default;1;Default;Default;Default;Default;Default;Default;Default;Default;16;Default;"1,084.16 ns";7.153 ns;5.585 ns
SplitLRange6;Default;False;Default;Default;Default;Default;Default;Default;111111111111;Empty;RyuJit;X64;Core;False;True;False;True;Default;Default;False;False;False;Default;Default;Default;Default;Default;Default;1;Default;Default;Default;Default;Default;Default;Default;Default;16;Default;402.58 ns;1.968 ns;1.841 ns
DirectRange7;Default;False;Default;Default;Default;Default;Default;Default;111111111111;Empty;RyuJit;X64;Core;False;True;False;True;Default;Default;False;False;False;Default;Default;Default;Default;Default;Default;1;Default;Default;Default;Default;Default;Default;Default;Default;16;Default;"1,287.14 ns";12.344 ns;10.943 ns
SplitLRange7;Default;False;Default;Default;Default;Default;Default;Default;111111111111;Empty;RyuJit;X64;Core;False;True;False;True;Default;Default;False;False;False;Default;Default;Default;Default;Default;Default;1;Default;Default;Default;Default;Default;Default;Default;Default;16;Default;444.21 ns;8.558 ns;8.005 ns
DirectRange8;Default;False;Default;Default;Default;Default;Default;Default;111111111111;Empty;RyuJit;X64;Core;False;True;False;True;Default;Default;False;False;False;Default;Default;Default;Default;Default;Default;1;Default;Default;Default;Default;Default;Default;Default;Default;16;Default;"1,381.30 ns";20.759 ns;18.402 ns
SplitLRange8;Default;False;Default;Default;Default;Default;Default;Default;111111111111;Empty;RyuJit;X64;Core;False;True;False;True;Default;Default;False;False;False;Default;Default;Default;Default;Default;Default;1;Default;Default;Default;Default;Default;Default;Default;Default;16;Default;453.28 ns;7.868 ns;7.360 ns
DirectRange9;Default;False;Default;Default;Default;Default;Default;Default;111111111111;Empty;RyuJit;X64;Core;False;True;False;True;Default;Default;False;False;False;Default;Default;Default;Default;Default;Default;1;Default;Default;Default;Default;Default;Default;Default;Default;16;Default;"1,474.35 ns";7.801 ns;6.916 ns
SplitLRange9;Default;False;Default;Default;Default;Default;Default;Default;111111111111;Empty;RyuJit;X64;Core;False;True;False;True;Default;Default;False;False;False;Default;Default;Default;Default;Default;Default;1;Default;Default;Default;Default;Default;Default;Default;Default;16;Default;470.89 ns;3.615 ns;3.204 ns
