Method;Job;AnalyzeLaunchVariance;EvaluateOverhead;MaxAbsoluteError;MaxRelativeError;MinInvokeCount;MinIterationTime;RemoveOutliers;Affinity;Jit;Platform;Runtime;AllowVeryLargeObjects;Concurrent;CpuGroups;Force;HeapAffinitizeMask;HeapCount;NoAffinitize;RetainVm;Server;Arguments;BuildConfiguration;Clock;EngineFactory;EnvironmentVariables;Toolchain;IsBaseline;InvocationCount;IterationTime;LaunchCount;RunStrategy;TargetCount;UnrollFactor;WarmupCount;Mean;Error;StdDev
DirectRange1;Default;False;Default;Default;Default;Default;Default;Default;4095;RyuJit;X64;Core;False;True;False;True;Default;Default;False;False;False;Default;Default;Default;Default;Default;Default;Default;1;Default;Default;Default;Default;16;Default;100.9 ns;0.5914 ns;0.5243 ns
SplitLRange1;Default;False;Default;Default;Default;Default;Default;Default;4095;RyuJit;X64;Core;False;True;False;True;Default;Default;False;False;False;Default;Default;Default;Default;Default;Default;Default;1;Default;Default;Default;Default;16;Default;313.1 ns;5.5401 ns;4.9111 ns
DirectRange2;Default;False;Default;Default;Default;Default;Default;Default;4095;RyuJit;X64;Core;False;True;False;True;Default;Default;False;False;False;Default;Default;Default;Default;Default;Default;Default;1;Default;Default;Default;Default;16;Default;277.5 ns;1.2873 ns;1.2041 ns
SplitLRange2;Default;False;Default;Default;Default;Default;Default;Default;4095;RyuJit;X64;Core;False;True;False;True;Default;Default;False;False;False;Default;Default;Default;Default;Default;Default;Default;1;Default;Default;Default;Default;16;Default;337.2 ns;6.4316 ns;5.3707 ns
DirectRange3;Default;False;Default;Default;Default;Default;Default;Default;4095;RyuJit;X64;Core;False;True;False;True;Default;Default;False;False;False;Default;Default;Default;Default;Default;Default;Default;1;Default;Default;Default;Default;16;Default;449.4 ns;8.4861 ns;7.5227 ns
SplitLRange3;Default;False;Default;Default;Default;Default;Default;Default;4095;RyuJit;X64;Core;False;True;False;True;Default;Default;False;False;False;Default;Default;Default;Default;Default;Default;Default;1;Default;Default;Default;Default;16;Default;360.4 ns;6.3951 ns;5.9820 ns
DirectRange4;Default;False;Default;Default;Default;Default;Default;Default;4095;RyuJit;X64;Core;False;True;False;True;Default;Default;False;False;False;Default;Default;Default;Default;Default;Default;Default;1;Default;Default;Default;Default;16;Default;664.4 ns;5.8273 ns;5.4508 ns
SplitLRange4;Default;False;Default;Default;Default;Default;Default;Default;4095;RyuJit;X64;Core;False;True;False;True;Default;Default;False;False;False;Default;Default;Default;Default;Default;Default;Default;1;Default;Default;Default;Default;16;Default;394.9 ns;6.6369 ns;6.2082 ns
DirectRange5;Default;False;Default;Default;Default;Default;Default;Default;4095;RyuJit;X64;Core;False;True;False;True;Default;Default;False;False;False;Default;Default;Default;Default;Default;Default;Default;1;Default;Default;Default;Default;16;Default;957.5 ns;12.9137 ns;11.4476 ns
SplitLRange5;Default;False;Default;Default;Default;Default;Default;Default;4095;RyuJit;X64;Core;False;True;False;True;Default;Default;False;False;False;Default;Default;Default;Default;Default;Default;Default;1;Default;Default;Default;Default;16;Default;406.7 ns;11.1250 ns;9.8620 ns
DirectRange6;Default;False;Default;Default;Default;Default;Default;Default;4095;RyuJit;X64;Core;False;True;False;True;Default;Default;False;False;False;Default;Default;Default;Default;Default;Default;Default;1;Default;Default;Default;Default;16;Default;"1,178.4 ns";6.1149 ns;4.7741 ns
SplitLRange6;Default;False;Default;Default;Default;Default;Default;Default;4095;RyuJit;X64;Core;False;True;False;True;Default;Default;False;False;False;Default;Default;Default;Default;Default;Default;Default;1;Default;Default;Default;Default;16;Default;437.0 ns;8.1143 ns;9.6594 ns
DirectRange7;Default;False;Default;Default;Default;Default;Default;Default;4095;RyuJit;X64;Core;False;True;False;True;Default;Default;False;False;False;Default;Default;Default;Default;Default;Default;Default;1;Default;Default;Default;Default;16;Default;"1,412.7 ns";10.7806 ns;8.4168 ns
SplitLRange7;Default;False;Default;Default;Default;Default;Default;Default;4095;RyuJit;X64;Core;False;True;False;True;Default;Default;False;False;False;Default;Default;Default;Default;Default;Default;Default;1;Default;Default;Default;Default;16;Default;452.9 ns;1.9882 ns;1.8598 ns
DirectRange8;Default;False;Default;Default;Default;Default;Default;Default;4095;RyuJit;X64;Core;False;True;False;True;Default;Default;False;False;False;Default;Default;Default;Default;Default;Default;Default;1;Default;Default;Default;Default;16;Default;"1,508.4 ns";10.2294 ns;7.9865 ns
SplitLRange8;Default;False;Default;Default;Default;Default;Default;Default;4095;RyuJit;X64;Core;False;True;False;True;Default;Default;False;False;False;Default;Default;Default;Default;Default;Default;Default;1;Default;Default;Default;Default;16;Default;484.1 ns;9.6127 ns;8.9917 ns
DirectRange9;Default;False;Default;Default;Default;Default;Default;Default;4095;RyuJit;X64;Core;False;True;False;True;Default;Default;False;False;False;Default;Default;Default;Default;Default;Default;Default;1;Default;Default;Default;Default;16;Default;"1,615.0 ns";29.0072 ns;27.1334 ns
SplitLRange9;Default;False;Default;Default;Default;Default;Default;Default;4095;RyuJit;X64;Core;False;True;False;True;Default;Default;False;False;False;Default;Default;Default;Default;Default;Default;Default;1;Default;Default;Default;Default;16;Default;504.2 ns;9.9911 ns;10.2601 ns
